date,cycle,action,estimate,estimated_hours,actual_hours,calibration_note
2026-08-26,149,journey-sheet-fallback+memo,M,4.5,1.5,"estimated 4-5h after Phase 0; actual ~1.5h of session work — the empty tab removed the migration half. Fallback-family estimates running ~3x actual."
2026-10-01,214,broad-scan-batch1-ingest-safety,M,9.5,2.5,"estimated ~9.5h across 8 items; ~2.5h of session work -- most items were S fixes with existing harness seams."
2026-10-01,215,broad-scan-batch2-lock-discipline,M,9.5,2,"estimated ~9.5h across 8 items; ~2h of session work -- the escalation preamble rewrite was mechanical (14 identical sites)."
2026-10-01,216,broad-scan-batch3-per-call-identity,L,14,3.5,"estimated ~14h across 10 items; ~3.5h of session work -- PC-1/PC-9 grew past their estimates (owner asked twice), the rest were S fixes."
2026-10-01,217,broad-scan-batch4-neon-gates-figures,M,8.5,2,"estimated ~8.5h across 8 items; ~2h of session work -- all S fixes; DL-9 grew a small write/hit tally at the four warmed endpoints."
2026-10-01,218,broad-scan-batch5-escalations-integrity,M,7,2,"estimated ~7h across 7 items; ~2h of session work -- ESC-D1 grew a schema check (ESC-DDL2 required it) and a move-history backfill."
2026-10-02,219,broad-scan-batch6-backups-timeouts-signals,M,10.5,3,"estimated ~10.5h across 11 items; ~3h of session work -- EN-6 grew a seen store + seed mode (a naive lookback would re-email the backlog); DL-3/CR-6 became connection wrappers rather than per-callsite edits."
2026-10-02,220,broad-scan-batch7-client-correctness,L,11,3,"estimated ~11h across 12 items; ~3h of session work -- all S; CL-4 became a global sticky-error rule (the scan's list of seven was not preserved); CL-17 needed the router ordering worked out."
2026-10-02,221,broad-scan-batch8-client-a11y-hardening,M,6.5,2,"estimated ~6.5h across 8 items; ~2h of session work -- CL-3 (M) plus rendered driver checks for CL-3 and CL-13; CL-10 also took isoDate_, made dead by daysAgo_'s removal."
2026-10-02,222,broad-scan-batch9-cdr-report-repair-safety,M,9,2.5,"estimated ~9h across 8 items; ~2.5h of session work -- CR-2 needed a per-group checksum for the slot repair (its own format lens); CR-5 used workbook DeveloperMetadata, the one store both projects share; the fake sheet gained setNumberFormats."
2026-10-02,223,broad-scan-batch10-performance,M,5,1.5,"estimated ~5h across 2 items; ~1.5h of session work -- DL-7 needed the roster block in Config.gs (Auth-only suites) and a harness execution boundary so memoized opens could not leak fixtures between tests; DL-8 was a two-line guard plus a two-path pin."
2026-10-02,224,broad-scan-batch11-harness-ci,M,10.5,2.5,"estimated ~10.5h across 10 items; ~2.5h of session work -- the stricter fakes exposed no production writer (two suite doubles updated); CL-9 needed a fresh phone-width boot because the desktop page ends with a scroll-locking modal open; DEP-2 found a real wrong-stamp case."
2026-10-02,225,broad-scan-batch12-docs-code-health,M,5,1.5,"estimated ~5h across 16 items; ~1.5h of session work -- CH-1 was five tools not four; DX-6 used the F8 move (client-surface bullets to client-ui-conventions) rather than shaving prose, and the System Health bullet needed a 10-byte trim to stay under the per-bullet budget after DX-10."
2026-10-02,226,rulings-batch13-data-rules,M,8,2,"estimated ~8h across 4 items; ~2h of session work -- QO-2 reused writeQCDRowsToNeon (DO UPDATE) for the repair mirror; PC-12 needed a harness fixture + driver step for the grouped render; AC-2 updated the suite double to the new request shape."
2026-10-02,227,rulings-batch14-escalations-navigation,M,6,2,"estimated ~6h across 2 items; ~2h of session work -- ESC-D8 needed an ENG-1 guard (a scrub rewrite would stamp a non-final closed month final) and a both-stores sweep; CL-23 needed a setRoute_ guard so closed modals' async reverts cannot push during Back, plus a recording history mock."
2026-10-02,228,rulings-batch15-ch4-split,M,4,1.5,"estimated ~4h; ~1.5h of session work -- the snapshot went in first; one bite came back green (every fixture agent was active inside 30 days), so the fixture gained a 60-day-only agent and the golden was regenerated from the pre-split code before the snapshot commit was pushed; lint caught one missed hand-off during the split."
